{
    "prcp_nldas_mean": 3.127575844236187,
    "prcp_maurer_mean": 3.1644334080388976,
    "prcp_daymet_mean": 3.3003014016789773,
    "srad_nldas_mean": 352.16642349915077,
    "srad_maurer_mean": 374.64694016681193,
    "srad_daymet_mean": 342.6816849288308,
    "tmax_nldas_mean": 15.655781678867369,
    "tmax_maurer_mean": 17.058309096532987,
    "tmax_daymet_mean": 16.50997603633621,
    "tmin_nldas_mean": 6.639224708187046,
    "tmin_maurer_mean": 3.5087008666207202,
    "tmin_daymet_mean": 3.7983651419857947,
    "vp_nldas_mean": 1063.465110055948,
    "vp_maurer_mean": 906.6191113094817,
    "vp_daymet_mean": 946.0971896038077,
    "QObs(mm/d)_mean": 1.559422454471219,
    "prcp_nldas_std": 7.4769464791023825,
    "prcp_maurer_std": 6.771742381805411,
    "prcp_daymet_std": 7.664975661103695,
    "srad_nldas_std": 128.2953474662803,
    "srad_maurer_std": 130.79135284125624,
    "srad_daymet_std": 133.79301582063277,
    "tmax_nldas_std": 11.2502379561028,
    "tmax_maurer_std": 11.003362212004083,
    "tmax_daymet_std": 11.193491847562273,
    "tmin_nldas_std": 10.249721566159323,
    "tmin_maurer_std": 10.5696124788966,
    "tmin_daymet_std": 10.381512103608527,
    "vp_nldas_std": 704.4516623768635,
    "vp_maurer_std": 617.4235240630063,
    "vp_daymet_std": 650.6084404415585,
    "QObs(mm/d)_std": 3.6506829753062306
}